"Collection Name","Primary Contact","Mailing Address 1","Mailing Address 2","Mailing Address 3","City/Town","State/Province","Postal/Zip Code","Country"
"A. R. Sherwood Algal Biodiversity Laboratory","Alison R. Sherwood","Department of Botany","3190 Maile Way","c/o Dr. Alison Sherwood","Honolulu","Hawaii","96822","USA"
"Acari - Utrecht Collection","","Postbus 9517","","","Leiden","Zuid-Holland","2300 RA","Netherlands"
"Acari collection","","Postbus 9517","","","Leiden","Zuid-Holland","2300 RA","Netherlands"
"Acariformes","","","","","","","",""
"Agrobacterium","","Aejiwon, Kyung Hee university","1 Seocheon-dong, Giheung-gu","","Yongin-si","Gyeonggi-do","446-701","South Korea"
"Algae","","University of Melbourne Herbarium","School of Botany","","The University of Melbourne","Victoria","3010","Australia"
"Algae","","Ege University","Faculty of Fisheries","Department of Hydrobiology","Bornova","Izmir","35100","Turkey"
"Algae (Freshwater)","","Ege University","Faculty of Fisheries","Department of Hydrobiology","Bornova","Izmir","35100","Turkey"
"Algae and Fungi","","Herbarium","Botanische Staatssammlung München","Menzinger Straße 67","München","","D-80638","Germany"
"Allan Herbarium","Ines Schönberger","Landcare Research","PO Box 40","","Lincoln 7640","","","New Zealand"
"Amblypygi","","","","","","","",""
"Amphibia","","","","","","","",""
"Amphibia","","Ege University","Faculty of Fisheries","Department of Hydrobiology","Bornova","Izmir","35100","Turkey"
"Amphibians","","Santiago Ron","Museo de Zoologia","Pontificia Universidad Catolica del Ecuador","Quito","Pichincha","NA","Ecuador"
"Amphipoda","","","","","","","",""
"Anfibios y reptiles","","El Colegio de la Frontera Sur","Museo de Zoologia","Av. Centenario km 5.5","Chetumal","Quintana Roo","77014","Mexico"
"Animalia","","University of Melbourne Herbarium","School of Botany","","The University of Melbourne","Victoria","3010","Australia"
"Annelida","","","","","","","",""
"Anthropology","","California Academy of Sciences","55 Music Concourse Drive","","San Francisco","CA","94118","USA"
"Arachnology","","","","","","","",""
"Aranea","","El Colegio de la Frontera Sur","Museo de Zoologia","Av. Centenario km 5.5","Chetumal","Quintana Roo","77014","Mexico"
"Araneae","","","","","","","",""
"Archaeognatha (Microcoryphia)","","","","","","","",""
"Archaeozoological Materials Collection","","","","","","","",""
"Insect, Arachnid and Myriapod Collection","Crystal Maier","The Field Museum of Natural History","1400 S. Lake Shore Drive","","Chicago","IL","60605-2496","USA"
"Arthropoda - Aranea collection","","Postbus 9517","","","Leiden","Zuid-Holland","2300 RA","Netherlands"
"Arthropoda - Chilopoda collection","","Postbus 9517","","","Leiden","Zuid-Holland","2300 RA","Netherlands"
"Arthropoda - Collembola collection","","Postbus 9517","","","Leiden","Zuid-Holland","2300 RA","Netherlands"
"Arthropoda - Diplopoda collection","","Postbus 9517","","","Leiden","Zuid-Holland","2300 RA","Netherlands"
"Arthropoda - Diplura collection","","Postbus 9517","","","Leiden","Zuid-Holland","2300 RA","Netherlands"
"Arthropoda - Pedipalpida collection","","Postbus 9517","","","Leiden","Zuid-Holland","2300 RA","Netherlands"
"Arthropoda - Protura collection","","Postbus 9517","","","Leiden","Zuid-Holland","2300 RA","Netherlands"
"Arthropoda - Pseudoscorpioida collection","","Postbus 9517","","","Leiden","Zuid-Holland","2300 RA","Netherlands"
"Arthropoda - Pycnogonida collection","","Postbus 9517","","","Leiden","Zuid-Holland","2300 RA","Netherlands"
"Arthropoda - Scorpionida collection","","Postbus 9517","","","Leiden","Zuid-Holland","2300 RA","Netherlands"
"Arthropoda - Solpugida collection","","Postbus 9517","","","Leiden","Zuid-Holland","2300 RA","Netherlands"
"Arthropoda - Thysanura collection","","Postbus 9517","","","Leiden","Zuid-Holland","2300 RA","Netherlands"
"Arthropoda - Xiphosura collection","","Postbus 9517","","","Leiden","Zuid-Holland","2300 RA","Netherlands"
"Athropoda - Opiliones","","Postbus 9517","","","Leiden","Zuid-Holland","2300 RA","Netherlands"
"Aves","","El Colegio de la Frontera Sur","Museo de Zoologia","Av. Centenario km 5.5","Chetumal","Quintana Roo","77014","Mexico"
"Aves","","","","","","","",""
"Aves","","Ege University","Faculty of Fisheries","Department of Hydrobiology","Bornova","Izmir","35100","Turkey"
"Bank of Edible and Medicinal Fungi","","Departament de Biologia Vegetal. 3ª planta","Facultat de Biologia. Universitat de Barcelona","Avda. Diagonal, 645","Barcelona","Barcelona","8028","Spain"
"Beecher Crampton Collection","","UC Davis Center for Plant Diversity","Plant Sciences MS#7","One Shields Avenue","Davis","CA","95616-8780","USA"
"Benign Prostatic Hyperplasia Collection","","5010 units","Catholic Research Institutes of Medical Science 505","Banpo-dong","Seocho-gu","Seoul","137-040","South Korea"
"Benthic Invertebrates Collection","","","","","","","",""
"Biodiversity Institute of Ontario OAC Herbarium","","","","","","","",""
"Bird collection","","Postbus 9517","","","Leiden","Zuid-Holland","2300 RA","Netherlands"
"Bird Collection","","Portland State University","Museum of Vertebrate Biology","P.O. Box 751","Portland","OR","97207-0751","USA"
"Bird Specimens","Carla Cicero, PH.D","Museum of Vertebrate Zoology","3101 Valley Life Sciences Building","University of California","Berkeley","CA","94720-3160","USA"
"Birds","","Manchester Museum","University of Manchester","Oxford Road","Manchester","England","M13 9PL","United Kingdom"
"Birds","","","","","","","",""
"Birds (second volume)","","Manchester Museum","University of Manchester","Oxford Road","Manchester","England","M13 9PL","United Kingdom"
"Bivalvia","","Lars Thorings vei 10","","","Tromso","Troms","9037","Norway"
"Bivalvia (Freshwater)","","Ege University","Faculty of Fisheries","Department of Hydrobiology","Bornova","Izmir","35100","Turkey"
"Bivalvia (Marine)","","Ege University","Faculty of Fisheries","Department of Hydrobiology","Bornova","Izmir","35100","Turkey"
"Blattodea","","","","","","","",""
"Bony Fishes Collection","","","","","","","",""
"Botanical and Mycological Museum","Kai Vellak","40 Lai Str.","","","Tartu","","51005","Estonia"
"Botany","Debra  Trock","California Academy of Sciences","55 Music Concourse Drive","","San Francisco","CA","94118","USA"
"Botany Collection (Vascular Plants and Fungi)","Caleb A. Morse","Biodiversity Institute","Bridwell Botanical Research Lab","2045 Constant Ave","Lawrence","KS","66047","USA"
"Botany Department","","NMNH - Botany Department","MRC 0166","Smithsonian Institution - P.O. Box 37012","Washington","DC","20013-7012","USA"
"Brachiopoda","","","","","","","",""
"Brachiopoda","","Ege University","Faculty of Fisheries","Department of Hydrobiology","Bornova","Izmir","35100","Turkey"
"Brachiopoda collection","","Postbus 9517","","","Leiden","Zuid-Holland","2300 RA","Netherlands"
"Branchiopoda","","Ege University","Faculty of Fisheries","Department of Hydrobiology","Bornova","Izmir","35100","Turkey"
"Bryology Collection","","","","","","","",""
"Bryophyte Collection","","University of Illinois","Illinois Natural History Survey Herbarium","","Champaign","IL","61820","USA"
"Bryophytes","","University of Melbourne Herbarium","School of Botany","","The University of Melbourne","Victoria","3010","Australia"
"Bryophytes and Lichens","","Herbarium","Botanische Staatssammlung München","Menzinger Straße 67","München","","D-80638","Germany"
"Bryozoa","","Ege University","Faculty of Fisheries","Department of Hydrobiology","Bornova","Izmir","35100","Turkey"
"Bryozoa","","","","","","","",""
"Bryozoa and Brachiopoda","","Lars Thorings vei 10","","","Tromso","Troms","9037","Norway"
"Bryozoa collection","","Postbus 9517","","","Leiden","Zuid-Holland","2300 RA","Netherlands"
"Buprestidae","","","","","","","",""
"Callipodida","","","","","","","",""
"CAS Ichthyology","","California Academy of Sciences","55 Music Concourse Drive","","San Francisco","CA","94118","USA"
"Caudofoveata","","Ege University","Faculty of Fisheries","Department of Hydrobiology","Bornova","Izmir","35100","Turkey"
"CBS Herbarium","","","","","","","",""
"Cephalochordata","","Ege University","Faculty of Fisheries","Department of Hydrobiology","Bornova","Izmir","35100","Turkey"
"Cephalopod Species Collection","","","","","","","",""
"Cephalopoda","","Ege University","Faculty of Fisheries","Department of Hydrobiology","Bornova","Izmir","35100","Turkey"
"Chaetognatha","","Ege University","Faculty of Fisheries","Department of Hydrobiology","Bornova","Izmir","35100","Turkey"
"Charterhouse School Museum Herbarium","","University of California, Berkeley","1001 Valley Life Sciences Building #2465","","Berkeley","CA","94720-2465","USA"
"Chelicerata","","","","","","","",""
"Chelicerata","","Lars Thorings vei 10","","","Tromso","Troms","9037","Norway"
"Chordeumatida","","","","","","","",""
"Cirripedia","","Ege University","Faculty of Fisheries","Department of Hydrobiology","Bornova","Izmir","35100","Turkey"
"Cnidaria","","","","","","","",""
"Cnidaria","","Ege University","Faculty of Fisheries","Department of Hydrobiology","Bornova","Izmir","35100","Turkey"
"Coelenterata collection","","Postbus 9517","","","Leiden","Zuid-Holland","2300 RA","Netherlands"
"Coelenterates","","Manchester Museum","University of Manchester","Oxford Road","Manchester","England","M13 9PL","United Kingdom"
"Colección de Artrópodos de Importancia Médica","","Departamento de Microbiología","Calle 4B # 36-00","San Fernando","Cali","Valle del Cauca","S. A.","Colombia"
"Coleccion de Invertebrados, Museo de Zoologia QCAZ","","","","","","","",""
"Coleccion de Ornitologia, Museo de Zoologia QCAZ","","Av. 12 de Octubre 1076 y Roca","Escuela de Biologia","Pontificia Universidad Catolica del Ecuador","Quito","Pichincha","17012184","Ecuador"
"Coleccion Herpetologica Luciano Javier Avila Mariana Morando","Luciano Javier Avila/Mariana Morando","Boulevard Almirante Guillermo Brown 2915","CENPAT-CONICET","","Puerto Madryn","Chubut","U9120ACD","Argentina"
"Coleccion Nacional de Aves","","Ap. Post. 70-153","","","Mexico City","Distrito Federal","4510","Mexico"
"Coleccion Nacional de Helmintos","","","","","","","",""
"Coleoptera","","","","","","","",""
"Coleoptera","","El Colegio de la Frontera Sur","Museo de Zoologia","Av. Centenario Kn 5.5, C.P.","Chetumal","Q.R.","77014","Mexico"
"Coleoptera","","Zoologische Staatssammlung Muenchen","Die Sektion Coleoptera","Muenchhausenstrasse 21","81247 Muenchen","","","Germany"
"Coleoptera","","","","","","","",""
"Coleoptera","","Lars Thorings vei 10","","","Tromso","Troms","9037","Norway"
"Coleoptera, Lepidoptera, Hymenoptera, and Diptera Collection","","","","","","","",""
"Collembola","Nicole Fisher","","","","","","","Australia"
"Copepoda (freshwater)","","Ege University","Faculty of Fisheries","Department of Hydrobiology","Bornova","Izmir","35100","Turkey"
"Copepoda (Marine)","","Ege University","Faculty of Fisheries","Department of Hydrobiology","Bornova","Izmir","35100","Turkey"
"Craspedosomatida","","","","","","","",""
"Craterostigmatida","","","","","","","",""
"Crop Species - Biomaterials","","Gujarat State Biotechnology Mission","9/11 Udyog Bhavan","","Gandhinagar","Gujarat","382011","India"
"Crop Species - DNA","","Gujarat State Biotechnology Mission","9/11 Udyog Bhavan","","Gandhinagar","Gujarat","382011","India"
"Crop Species - Dried","","Gujarat State Biotechnology Mission","9/11 Udyog Bhavan","","Gandhinagar","Gujarat","382011","India"
"Crop Species - Frozen","","Gujarat State Biotechnology Mission","9/11 Udyog Bhavan","","Gandhinagar","Gujarat","382011","India"
"Crustacea","","","","","","","",""
"Crustacea","","","","","","","",""
"Crustacea","","Lars Thorings vei 10","","","Tromso","Troms","9037","Norway"
"Crustacea - Amphipoda collection","","Postbus 9517","","","Leiden","Zuid-Holland","2300 RA","Netherlands"
"Crustacea - Branchiopoda, Cephalocarida collection","","Postbus 9517","","","Leiden","Zuid-Holland","2300 RA","Netherlands"
"Crustacea - Branchiura, Mystacocarida","","Postbus 9517","","","Leiden","Zuid-Holland","2300 RA","Netherlands"
"Crustacea - Cirripedia collection","","Postbus 9517","","","Leiden","Zuid-Holland","2300 RA","Netherlands"
"Crustacea - Copepoda collection","","Postbus 9517","","","Leiden","Zuid-Holland","2300 RA","Netherlands"
"Crustacea - Cumacea","","Postbus 9517","","","Leiden","Zuid-Holland","2300 RA","Netherlands"
"Crustacea - Decapoda + Euphausiacea collection","","Postbus 9517","","","Leiden","Zuid-Holland","2300 RA","Netherlands"
"Crustacea - Isopoda","","Postbus 9517","","","Leiden","Zuid-Holland","2300 RA","Netherlands"
"Crustacea - Leptostraca, Anaspidacea, Thermosbaenacea, Spelaeogriphacea, Cumacea collection","","Postbus 9517","","","Leiden","Zuid-Holland","2300 RA","Netherlands"
"Crustacea - Mysidacea collection","","Postbus 9517","","","Leiden","Zuid-Holland","2300 RA","Netherlands"
"Crustacea - Ostracoda collection","","Postbus 9517","","","Leiden","Zuid-Holland","2300 RA","Netherlands"
"Crustacea - Stomatopoda collection","","Postbus 9517","","","Leiden","Zuid-Holland","2300 RA","Netherlands"
"Ctenophora","","Ege University","Faculty of Fisheries","Department of Hydrobiology","Bornova","Izmir","35100","Turkey"
"Decapoda","","","","","","","",""
"Department of Entomology","","Box 50007","","","Stockholm","","10405","Sweden"
"Department of Invertebrate Zoology","","Smithsonian Institution - Department of Invertebrate Zoology","Museum Support Center, MRC 534","4210 Silver Hill Road","Suitland","MD","20746","USA"
"Dermaptera","","","","","","","",""
"Diatom Herbarium","Marina Potapova","Herbarium PH, Botany Deptartment","Academy of Natural Sciences of Philadelphia","1900 Benjamin Franklin Parkway","Philadelphia","PA","19103","USA"
"Diatoms","","California Academy of Sciences","55 Music Concourse Drive","","San Francisco","CA","94118","USA"
"Dicotyledons","","University of Melbourne Herbarium","School of Botany","","The University of Melbourne","Victoria","3010","Australia"
"Dicotyledons","","Herbarium","Botanische Staatssammlung München","Menzinger Straße 67","München","","D-80638","Germany"
"Diplura","","","","","","","",""
"Diptera","","","","","","","",""
"Diptera","","","","","","","",""
"Diptera","","Lars Thorings vei 10","","","Tromso","Troms","9037","Norway"
"Division of Amphibians and Reptiles","J Tomasz Giermakowski","Museum of Southwestern Biology","CERIA Building, MSC03 2020","1 University of New Mexico","Albuquerque","New Mexico","87131-0001","USA"
"Division of Amphibians and Reptiles","","Division of Amphibians and Reptiles","Museum Support Center, MRC 534","4210 Silver Hill Road","Suitland","MD","20746","USA"
"Division of Birds","Brian K. Schmidt","Smithsonian Institution","Division of Birds","PO Box 37012, MRC 116","Washington","DC","20560-0116","USA"
"Division of Mammals","Darrin Lunde","P.O. Box 37012, MRC-108","","","Washington","DC","20013-7012","USA"
"DNA Products","","","","","","","","Australia"
"Dried Herbarium Collection","","National Collection of Fungi","Biosystematics Division, ARC-PPRI","Private Bag x134","Pretoria","Gouteng Province","121","South Africa"
"Dubois Collection","","Postbus 9517","","","Leiden","Zuid-Holland","2300 RA","Netherlands"
"Dudley Stanford Collection","Debra  Trock","California Academy of Sciences","55 Music Concourse Drive","","San Francisco","CA","94118","USA"
"Echinodermata","","","","","","","",""
"Echinodermata","","Ege University","Faculty of Fisheries","Department of Hydrobiology","Bornova","Izmir","35100","Turkey"
"Echinodermata","","Lars Thorings vei 10","","","Tromso","Troms","9037","Norway"
"Echiura","","","","","","","",""
"Echiura","","Ege University","Faculty of Fisheries","Department of Hydrobiology","Bornova","Izmir","35100","Turkey"
"Egg and Nest","","California Academy of Sciences","55 Music Concourse Drive","","San Francisco","CA","94118","USA"
"Embioptera","","","","","","","",""
"Entomological Collection","Olavi Kurina","Kreutzwaldi 5","","","Tartu","not applicable","51014","Estonia"
"Entomology","","California Academy of Sciences","55 Music Concourse Drive","","San Francisco","CA","94118","USA"
"Entomology","","Department of Invertebrate Zoology","2559 Puesta del Sol","","Santa Barbara","CA","93105","USA"
"Entomology - Australian Voucher Specimens","","","","","","","",""
"Entomology Collection","","P.O. Box 37012, MRC-106","","","Washington","DC","20013-7012","USA"
"Entomology Collection","","","","","","","",""
"Entomology Collection","","265 UCB","","","Boulder","Colorado","80309-0265","USA"
"Entomology Type Collection","","","","","","","",""
"Entomology Types","","California Academy of Sciences","55 Music Concourse Drive","","San Francisco","CA","94118","USA"
"Ephemeroptera","","","","","","","",""
"Ephemeroptera","","Colorado State University","Department of Bioagricultural Sciences and Pest Management","","Fort Collins","Colorado","80523","USA"
"Evertebrata Varia","","","","","","","",""
"Extracts, Seed, Dried material, DNA, Specimen","","Herbarium(KWU) and Plant Systematics Laboratory","Dept. of Life Science, Coll. of Natural Sciences, Kyungwon University","65 Bokjeong-dong, Sujeong-gu","Seongnam-si","Kyeonggi-do","461-701","South Korea"
"Fish","","Manchester Museum","University of Manchester","Oxford Road","Manchester","England","M13 9PL","United Kingdom"
"Fish Collection","","Museum of NZ Te Papa Tongarewa","169 Tory Street","","Wellington","","","New Zealand"
"Fish Collection","John P. Friel","Cornell Univeristy Museum of Vertebrates","159 Sapsucker Woods Road","","Ithaca","NY","14850-1923","USA"
"Fishes and Reptiles Collection","","","","","","","",""
"Forestry Species - Biomaterials","","Gujarat State Biotechnology Mission","9/11 Udyog Bhavan","","Gandhinagar","Gujarat","382011","India"
"Forestry Species - DNA","","Gujarat State Biotechnology Mission","9/11 Udyog Bhavan","","Gandhinagar","Gujarat","382011","India"
"Forestry Species - Dried","","Gujarat State Biotechnology Mission","9/11 Udyog Bhavan","","Gandhinagar","Gujarat","382011","India"
"Forestry Species - Frozen","","Gujarat State Biotechnology Mission","9/11 Udyog Bhavan","","Gandhinagar","Gujarat","382011","India"
"Formicidae","","El Colegio de la Frontera Sur","Museo de Zoologia","Av. Centenario Kn 5.5, C.P.","Chetumal","Q.R.","77014","Mexico"
"Fossil Collection","","","","","","","",""
"Fungal Biotechnology Culture Collection","","Viikinkaari 9, P.O.Box 56, Biocenter 1","","","University of Helsinki","na","FI-00014","Finland"
"Fungal Culture Collection","","5 Kreutzwaldi Str.","","","Tartu","not applicable","51014","Estonia"
"Fungi","","University of Melbourne Herbarium","School of Botany","","The University of Melbourne","Victoria","3010","Australia"
"Fungus Collection","Andrew N. Miller","University of Illinois","Illinois Natural History Survey Herbarium","1816 South Oak Street","Champaign","IL","61820","USA"
"Gastropod Species Collection","","","","","","","",""
"Gastropoda (Freshwater)","","Ege University","Faculty of Fisheries","Department of Hydrobiology","Bornova","Izmir","35100","Turkey"
"Gastropoda (Marine)","","Ege University","Faculty of Fisheries","Department of Hydrobiology","Bornova","Izmir","35100","Turkey"
"Gastrotricha","","Ege University","Faculty of Fisheries","Department of Hydrobiology","Bornova","Izmir","35100","Turkey"
"Geological Museum","Mare Isakar","46 Vanemuise Str.","","","Tartu","","51014","Estonia"
"Geologisch Instituut Amsterdam, Paleontological collection","","Postbus 9517","","","Leiden","Zuid-Holland","2300 RA","Netherlands"
"Geophilida","","","","","","","",""
"Glomerida","","","","","","","",""
"Glomeridesmida","","","","","","","",""
"Grylloblattodea","","","","","","","",""
"Gymnosperms","","University of Melbourne Herbarium","School of Botany","","The University of Melbourne","Victoria","3010","Australia"
"HAMBI Culture Collection","","Viikinkaari 9, P.O.Box 56, Biocenter 1, FI-00014, University of Helsinki","","","University of Helsinki","na","FI-00014","Finland"
"Hemichordata","","Ege University","Faculty of Fisheries","Department of Hydrobiology","Bornova","Izmir","35100","Turkey"
"Hemiptera","","","","","","","",""
"Hemiptera","","El Colegio de la Frontera Sur","Museo de Zoologia","Av. Centenario Kn 5.5, C.P.","Chetumal","Q.R.","77014","Mexico"
"Hemiptera","","","","","","","",""
"Hepatics","","University of Melbourne Herbarium","School of Botany","","The University of Melbourne","Victoria","3010","Australia"
"Herbarium","Richard L. Pyle","Herbarium Pacificum - Department of Natural Sciences","Bishop Museum","1525 Bernice St.","Honolulu","HI","96817-2704","USA"
"Herbarium","Erin Tripp","350 UCB","Clare Small Building","","Boulder","Colorado","80309-0350","USA"
"Botany (Herbarium)","Matt von Konrat","The Field Museum of Natural History","1400 S. Lake Shore Drive","","Chicago","IL","60605-2496","USA"
"Herbarium","","","","","","","",""
"Herbarium","","","","","","","",""
"Herbarium, lichens","","The Morton Arboretum","4100 Illinois Route 53","","Lisle","IL","60532-1293","USA"
"Herbarium, vascular plants","","The Morton Arboretum","4100 Illinois Route 53","","Lisle","IL","60532-1293","USA"
"Amphibian and reptile specimens","Carol Spencer","Museum of Vertebrate Zoology","3101 Valley Life Sciences Building","University of California","Berkeley","CA","94720-3160","USA"
"Herpetology","","","","","","","",""
"Herpetology","","California Academy of Sciences","55 Music Concourse Drive","","San Francisco","CA","94118","USA"
"Herpetology","","Department of Natural History","100 Queen's Park","","Toronto","Ontario","M5S 2C6","Canada"
"Herpetology - Donald Thompson Collection","","","","","","","",""
"Herpetology Collection","","Santa Barbara Museum of Natural History","2559 Puesta del Sol","","Santa Barbara","CA","93105","USA"
"Amphibian and Reptile Collection","Alan Resetar","The Field Museum of Natural History","1400 S. Lake Shore Drive","","Chicago","IL","60605-2496","USA"
"Herpetology","José Rosado","Harvard University","Museum of Comparative Zoology","26 Oxford Street","Cambridge","MA","02138","USA"
"Herpetology Collection","","Portland State University","Museum of Vertebrate Biology","P.O. Box 751","Portland","OR","97207-0751","USA"
"Herpetology Collection","Rafe Brown","Biodiversity Institute","Dyche Hall","1345 Jayhawk Boulevard","Lawrence","KS","66045","USA"
"Herpetology Research Collection","","Michigan State University Museum","Division of Natural Sciences","West Circle Drive","East Lansing","MI","48824-1045","USA"
"Heteroptera","","","","","","","",""
"Hirudinea","","Ege University","Faculty of Fisheries","Department of Hydrobiology","Bornova","Izmir","35100","Turkey"
"Hydrobiological Collection","","Limnoloogiakeskus","","","Rannu","Tartumaa","61117","Estonia"
"Hygrobatidae","","","","","","","",""
"Hymenoptera","","","","","","","",""
"Hymenoptera","","","","","","","",""
"Ichthyology","","","","","","","",""
"Ichthyology Collection","","Santa Barbara Museum of Natural History","2559 Puesta del Sol","","Santa Barbara","CA","93105","USA"
"Ichthyology Collection","","907 Yukon Drive","","University of Alaska Museum of the North","Fairbanks","AK","99775","USA"
"Fish Collections","Caleb McMahan","The Field Museum of Natural History","1400 S Lake Shore Drive","","Chicago","IL","60605-2496","USA"
"Ichthyology Collection","Andrew C Bentley","Biodiversity Institute","Dyche Hall","1345 Jayhawk Boulevard","Lawrence","KS","66045","USA"
"Ichthyology Research Collection","","Michigan State University Museum","Division of Natural Sciences","West Circle Drive","East Lansing","MI","48824-1045","USA"
"Ichthyology Tissue Collection","Andrew C Bentley","Natural History Museum and Biodiversity Research Center","Dyche Hall","1345 Jayhawk Boulevard","Lawrence","KS","66045","USA"
"Indiana University (fish)","","California Academy of Sciences","55 Music Concourse Drive","","San Francisco","CA","94118","USA"
"Insect Collection","","615 McCallie Ave Dept. 2653","","","Chattanooga","TN","37403","USA"
"Insect Fungal Pathogen Collection","","GPO Box 1700","","","Canberra","ACT","2601","Australia"
"Insecta","","","","","","","",""
"Insecta","","Ege University","Faculty of Fisheries","Department of Hydrobiology","Bornova","Izmir","35100","Turkey"
"Insecta","","","","","","","",""
"Insecta sensu lato collections","","Postbus 9517","","","Leiden","Zuid-Holland","2300 RA","Netherlands"
"Insects","","Manchester Museum","University of Manchester","Oxford Road","Manchester","England","M13 9PL","United Kingdom"
"International Collection of Micro-organisms from Plants","Bevan Weir","ICMP Culture Collection","Landcare Research","Private Bag 92170, Auckland Mail Centre","Auckland","Not Applicable","1142","New Zealand"
"Invertebrate Collection","","","","","","","",""
"Invertebrate Collection","Jochen Gerber","The Field Museum of Natural History","1400 S. Lake Shore Drive","","Chicago","IL","60605-2496","USA"
"Invertebrate Paleontology Collection","Una Farrell","Biodiversity Institute","Lindley Hall, Room 6","1475 Jayhawk Boulevard","Lawrence","KS","66045","USA"
"Invertebrate Zoology","Holly Bolick","Invertebrate Zoology","Bishop Museum","1525 Bernice Street","Honolulu","Hawaii","96817","USA"
"Invertebrate Zoology","","California Academy of Sciences","55 Music Concourse Drive","","San Francisco","CA","94118","USA"
"Invertebrate Zoology","","Department of Natural History","100 Queen's Park","","Toronto","Ontario","M5S 2C6","Canada"
"Invertebrate Zoology Collection","Daphne Fautin","1200 Sunnyside Drive","Haworth Hall","University of Kansas","Lawrence","KS","66045","USA"
"Invertebrates","","Manchester Museum","University of Manchester","Oxford Road","Manchester","England","M13 9PL","United Kingdom"
"Invertebrates Collection","","","","","","","",""
"Isopoda","","","","","","","",""
"Isoptera","","","","","","","",""
"Isoptera","","","","","","","",""
"Jepson Herbarium","","Jepson Herbarium","University of California","1001 Valley Life Sciences Building #2465","Berkeley","CA","94720-2465","USA"
"John M. Tucker Herbarium Collection","","UC Davis Center for Plant Diversity","Plant Sciences MS#7","One Shields Avenue","Davis","CA","95616-8780","USA"
"Julida","","","","","","","",""
"Lepidoptera","","","","","","","",""
"Lepidoptera","","Colorado State University","Department of Bioagricultural Sciences and Pest Management","","Fort Collins","Colorado","80523","USA"
"Lepidoptera","","Zoologische Staatssammlung Muenchen","Die Sektion Lepidoptera","Muenchhausenstrasse 21","81247 Muenchen","","","Germany"
"Lepidoptera","","","","","","","",""
"Lepidoptera","","Lars Thorings vei 10","","","Tromso","Troms","9037","Norway"
"Lepidopteros","","El Colegio de la Frontera Sur","Museo de Zoologia","Av. Centenario Kn 5.5, C.P.","Chetumal","Q.R.","77014","Mexico"
"Lithobiida","","","","","","","",""
"Live Culture Collection","","National Collection of Fungi","Biosystematics Division, ARC-PPRI","Private Bag x134","Pretoria","Gauteng Province","121","South Africa"
"Malacostraca (Freshwater)","","Ege University","Faculty of Fisheries","Department of Hydrobiology","Bornova","Izmir","35100","Turkey"
"Malacostraca (Marine)","","Ege University","Faculty of Fisheries","Department of Hydrobiology","Bornova","Izmir","35100","Turkey"
"Mamiferos","","El Colegio de la Frontera Sur","Museo de Zoologia","Av. Centenario km 5.5","Chetumal","Quintana Roo","77014","Mexico"
"Mammal collection","","Postbus 9517,","","","Leiden","Zuid-Holland","2300 RA","Netherlands"
"Mammal Collection","","","","","","","",""
"Mammal Collection","Ben Marks","The Field Museum of Natural History","1400 S. Lake Shore Drive","","Chicago","IL","","USA"
"Mammal Collection","","Portland State University","Museum of Vertebrate Biology","P.O. Box 751","Portland","OR","97207-0751","USA"
"Mammal Collection, Museum of Southwestern Biology","Gordon Jarrell","Museum of Southwestern Biology","University of New Mexico","","Albuquerque","New Mexico","87131-0001","USA"
"Mammal Research Collection","","Michigan State University Museum","Division of Natural Sciences","West Circle Drive","East Lansing","MI","48824-1045","USA"
"Mammal Specimens","Christopher J. Conroy","Museum of Vertebrate Zoology","3101 Valley Life Sciences Building","University of California","Berkeley","CA","94720-3160","USA"
"Mammal Collection","Charles Dardia, Collections Manager","Cornell Univeristy Museum of Vertebrates","159 Sapsucker Woods Road","","Ithaca","NY","14850-1923","USA"
"Mammalia","","","","","","","",""
"Mammalia","","Ege University","Faculty of Fisheries","Department of Hydrobiology","Bornova","Izmir","35100","Turkey"
"Mammalogy","","","","","","","",""
"Mammalogy","","California Academy of Sciences","55 Music Concourse Drive","","San Francisco","CA","94118","USA"
"Mammalogy","","Department of Natural History","","100 Queen's Park","Toronto","Ontario","M5S 2C6","Canada"
"Mammalogy Collection","Robert Timm","Biodiversity Institute","Dyche Hall","1345 Jayhawk Boulevard","Lawrence","KS","66045","USA"
"Mammals","","Manchester Museum","University of Manchester","Oxford Road","Manchester","England","M13 9PL","United Kingdom"
"Mammals and Birds Collection","","","","","","","",""
"Mantodea","","","","","","","",""
"Marine Forensics","","","","","","","",""
"Marine Vertebrates Collection","","","","","","","",""
"Mastozoologia","","Av. 12 de Octubre 1076 y Roca","Edificio de Ciencias Bioligicas - Division Mastozoologia","","Quito","Pichincha","EC170109","Ecuador"
"Mecoptera","","","","","","","",""
"Mecoptera","","","","","","","",""
"Medically-Important Samples - Biomaterials","","Gujarat State Biotechnology Mission","9/11 Udyog Bhavan","","Gandhinagar","Gujarat","382011","India"
"Medically-Important Samples - DNA","","Gujarat State Biotechnology Mission","9/11 Udyog Bhavan","","Gandhinagar","Gujarat","382011","India"
"Medically-Important Samples - Frozen","","Gujarat State Biotechnology Mission","9/11 Udyog Bhavan","","Gandhinagar","Gujarat","382011","India"
"Medically-Important Samples - Preserved in Liquid","","Gujarat State Biotechnology Mission","9/11 Udyog Bhavan","","Gandhinagar","Gujarat","382011","India"
"Megaloptera","","","","","","","",""
"Megaloptera","","","","","","","",""
"Microbial Repository (Bank A Bug Program)","","Gujarat State Biotechnology Mission","9/11 Udyog Bhavan","","Gandhinagar","Gujarat","382011","India"
"Microbial Strains selected for whole genome sequencing program","","Gujarat State Biotechnology Mission","9/11 Udyog Bhavan","","Gandhinagar","Gujarat","382011","India"
"Mollusca","","","","","","","",""
"Mollusca","","Zoologische Staatssammlung Muenchen","Die Sektion Mollusca","Muenchhausenstrasse 21","81247 Muenchen","","","Germany"
"Mollusca - Fehr-de Wal collection","","Postbus 9517","","","Leiden","Zuid-Holland","2300 RA","Netherlands"
"Mollusca - H.L. Strack collection","","Postbus 9517","","","Leiden","Zuid-Holland","2300 RA","Netherlands"
"Mollusca - Kaas collection","","Postbus 9517","","","Leiden","Zuid-Holland","2300 RA","Netherlands"
"Mollusca - micromollusc collection of Aartsen from Dieren","","Postbus 9517","","","Leiden","Zuid-Holland","2300 RA","Netherlands"
"Mollusca - P.H. Creutzberg collection","","Postbus 9517","","","Leiden","Zuid-Holland","2300 RA","Netherlands"
"Mollusca collection","","Postbus 9517","","","Leiden","Zuid-Holland","2300 RA","Netherlands"
"Mollusca ex-coll. Danker Vink","","Postbus 9517","","","Leiden","Zuid-Holland","2300 RA","Netherlands"
"Molluscs","","Manchester Museum","University of Manchester","Oxford Road","Manchester","England","M13 9PL","United Kingdom"
"Molluscs (second volume)","","Manchester Museum","University of Manchester","Oxford Road","Manchester","England","M13 9PL","United Kingdom"
"Mollusk Bivalve Species Collection","","","","","","","",""
"Monocotyledons","","University of Melbourne Herbarium","School of Botany","","The University of Melbourne","Victoria","3010","Australia"
"Monoplachophoroa","","Ege University","Faculty of Fisheries","Department of Hydrobiology","Bornova","Izmir","35100","Turkey"
"Mycological Collection","","Department of Plant Biology and Pathology","Attn: James White, Rutgers University","Foran Hall, 59 Dudley Road","New Brunswick","NJ","8901","USA"
"Mycological Herbarium","","5 Kreutzwaldi Str.","","","Tartu","not applicable","51014","Estonia"
"Mycology Collection","","","","","","","",""
"Myxomycetes (Enric Gracia Myxomycete Collection)","Enric Gracia","Enric Gracia Myxomycete Collection","Carretera de Ribes, 22","","Planoles","Girona","17535","Spain"
"National Fish Collection","","P.O. Box 37012, MRC-105","","","Washington","DC","20013-7012","USA"
"Nematoda","","Ege University","Faculty of Fisheries","Department of Hydrobiology","Bornova","Izmir","35100","Turkey"
"Nemertini","","Ege University","Faculty of Fisheries","Department of Hydrobiology","Bornova","Izmir","35100","Turkey"
"Neuroptera","","","","","","","",""
"Neuroptera","","","","","","","",""
"New Zealand Arthropod Collection","","New Zealand Arthropod Collection","Landcare Research","Private Bag 92170, Auckland Mail Centre","","Auckland 1142","","New Zealand"
"New Zealand Fungal and Plant Disease Herbarium","Eric McKenzie","NZ Fungal Herbarium - PDD","Landcare Research","Private Bag 92170, Auckland Mail Centre","","Auckland","1142","New Zealand"
"Northofagus Project","","","","","","","",""
"NT Herbarium, Alice Springs","","PO Box 1120","","","ALICE SPRINGS","Northern Territory","871","Australia"
"Odonata","","","","","","","",""
"Odonata","","","","","","","",""
"Oligochaeta","","Ege University","Faculty of Fisheries","Department of Hydrobiology","Bornova","Izmir","35100","Turkey"
"Onychophora","","","","","","","",""
"Opilioacariformes","","","","","","","",""
"Opiliones","","","","","","","",""
"Ornithology","","","","","","","",""
"Ornithology","","Department of Natural History","100 Queen's Park","","Toronto","Ontario","M5S 2C6","Canada"
"Ornithology","","California Academy of Sciences","55 Music Concourse Drive","","San Francisco","CA","94118","USA"
"Ornithology - Donald Thompson Collection","","","","","","","",""
"Ornithology - Eggs","","","","","","","",""
"Ornithology - H.L. White Collection","","","","","","","",""
"Ornithology Collection","","Santa Barbara Museum of Natural History","2559 Puesta del Sol","","Santa Barbara","CA","91305","USA"
"Ornithology Collection","Ben Marks","Field Museum of Natural History - Zoology","1400 S. Lake Shore Dr","","Chicago","IL","60605-2496","USA"
"Ornithology Collection","Mark Robbins","Biodiversity Institute","Dyche Hall","1345 Jayhawk Boulevard","Lawrence","KS","66045","USA"
"Ornithology Research Collection","","Michigan State University Museum","Division of Natural Sciences","West Circle Drive","East Lansing","MI","48824-1045","USA"
"Orthoptera","","","","","","","",""
"Orthoptera","","El Colegio de la Frontera Sur","Museo de Zoologia","Av. Centenario Kn 5.5, C.P.","Chetumal","Q.R.","77014","Mexico"
"Ostracoda (Freshwater)","","Ege University","Faculty of Fisheries","Department of Hydrobiology","Bornova","Izmir","35100","Turkey"
"Ostracoda (Marine)","","Ege University","Faculty of Fisheries","Department of Hydrobiology","Bornova","Izmir","35100","Turkey"
"Other Arthropods","","Manchester Museum","University of Manchester","Oxford Road","Manchester","England","M13 9PL","United Kingdom"
"Other insects and all other arthropods Collection","","","","","","","",""
"Paleobotany Collection","Rudolph Serbet","Biodiversity Institute","Haworth Hall","1200 Sunnyside Drive","Lawrence","KS","66045","USA"
"Paleontological Collection","","Institute of Geology at TUT","Ehitajate tee 5","","Tallinn","n/a","19086","Estonia"
"Paleontology and Paleobotany","","","","","","","",""
"Palpigradi","","","","","","","",""
"Parasite - Lice collection - Utrecht","","Postbus 9517","","","Leiden","Zuid-Holland","2300 RA","Netherlands"
"Parasite Collection, Museum of Southwestern Biology","Sara Brant","Museum of Southwestern Biology","MSC03 2020","1 University of New Mexico","Albuquerque","New Mexico","87131-0001","USA"
"Parasitiformes","","","","","","","",""
"Pauropoda","","","","","","","",""
"Pelagic Invertebrates Collection","","","","","","","",""
"Pesces","","El Colegio de la Frontera Sur","Museo de Zoologia","Av. Centenario km 5.5","Chetumal","Quintana Roo","77014","Mexico"
"Phanerogames","","Ege University","Faculty of Fisheries","Department of Hydrobiology","Bornova","Izmir","35100","Turkey"
"Phanerogames (Freshwater)","","Ege University","Faculty of Fisheries","Department of Hydrobiology","Bornova","Izmir","35100","Turkey"
"Phasmatodea","","","","","","","",""
"Phoronida","","Ege University","Faculty of Fisheries","Department of Hydrobiology","Bornova","Izmir","35100","Turkey"
"Phthiraptera","","","","","","","",""
"Pisces","","","","","","","",""
"Pisces (fish)","","Lars Thorings vei 10","","","Tromso","Troms","9037","Norway"
"Pisces (Freshwater)","","Ege University","Faculty of Fisheries","Department of Hydrobiology","Bornova","Izmir","35100","Turkey"
"Pisces (Marine)","","Ege University","Faculty of Fisheries","Department of Hydrobiology","Bornova","Izmir","35100","Turkey"
"Pisces collection","","Postbus 9517,","","","Leiden","Zuid-Holland","2300 RA","Netherlands"
"Plants","","Manchester Museum","University of Manchester","Oxford Road","Manchester","England","M13 9PL","United Kingdom"
"Plants (second volume)","","Manchester Museum","University of Manchester","Oxford Road","Manchester","England","M13 9PL","United Kingdom"
"Platydesmida","","","","","","","",""
"Platyhelminthes","","Ege University","Faculty of Fisheries","Department of Hydrobiology","Bornova","Izmir","35100","Turkey"
"Plecoptera","","","","","","","",""
"Plecoptera","","Colorado State University","Department of Bioagricultural Sciences and Pest Management","","Fort Collins","Colorado","80523","USA"
"Polychaeta","","Ege University","Faculty of Fisheries","Department of Hydrobiology","Bornova","Izmir","35100","Turkey"
"Polydesmida","","","","","","","",""
"Polyplacophora","","Ege University","Faculty of Fisheries","Department of Hydrobiology","Bornova","Izmir","35100","Turkey"
"Polyxenida","","","","","","","",""
"Polyzoniida","","","","","","","",""
"Porifera","","Ege University","Faculty of Fisheries","Department of Hydrobiology","Bornova","Izmir","35100","Turkey"
"Porifera","","","","","","","",""
"Porifera collection","","Postbus 9517","","","Leiden","Zuid-Holland","2300 RA","Netherlands"
"Priapulida","","Ege University","Faculty of Fisheries","Department of Hydrobiology","Bornova","Izmir","35100","Turkey"
"Prostate Cancer","","5010 units","Catholic Research Institutes of Medical Science 505","Banpo-dong","Seocho-gu","Seoul","137-040","Korea"
"Protochordata","","","","","","","",""
"Protozoa","","Ege University","Faculty of Fisheries","Department of Hydrobiology","Bornova","Izmir","35100","Turkey"
"Protozoa collection","","Postbus 9517","","","Leiden","Zuid-Holland","2300 RA","Netherlands"
"Protura","","","","","","","",""
"Pseudoscorpionida","","","","","","","",""
"Psocoptera","","","","","","","",""
"Pteridophytes","","University of Melbourne Herbarium","School of Botany","","The University of Melbourne","Victoria","3010","Australia"
"Pteridophytes and Monocotyledons","","Herbarium","Botanische Staatssammlung München","Menzinger Straße 67","München","","D-80638","Germany"
"Pycnogonida","","Ege University","Faculty of Fisheries","Department of Hydrobiology","Bornova","Izmir","35100","Turkey"
"Raphidioptera","","","","","","","",""
"Reptiles","","Museo de Zoologia","Pontificia Universidad Catolica del Ecuador","","Quito","Pichincha","NA","Ecuador"
"Reptiles and Amphibians","","Manchester Museum","University of Manchester","Oxford Road","Manchester","England","M13 9PL","United Kingdom"
"Reptilia","","","","","","","",""
"Reptilia","","Ege University","Faculty of Fisheries","Department of Hydrobiology","Bornova","Izmir","35100","Turkey"
"Reptilia and Amphibia collection","","Postbus 9517","","","Leiden","Zuid-Holland","2300 RA","Netherlands"
"Ricinulei","","","","","","","",""
"Roscoff Culture Collection","","Station Biologique de Roscoff","Place G. Teissier","","Roscoff","","29682","France"
"Rotifera","","Ege University","Faculty of Fisheries","Department of Hydrobiology","Bornova","Izmir","35100","Turkey"
"Scaphopoda","","Ege University","Faculty of Fisheries","Department of Hydrobiology","Bornova","Izmir","35100","Turkey"
"Schizomida","","","","","","","",""
"Scolopendrida","","","","","","","",""
"Scorpiones","","","","","","","",""
"Scorpionidae","","El Colegio de la Frontera Sur","Museo de Zoologia","Av. Centenario Kn 5.5, C.P.","Chetumal","Q.R.","77014","Mexico"
"Scutigerida","","","","","","","",""
"Shark Species Collection","","","","","","","",""
"Shrimps, Lobsters and Crabs Collection","","","","","","","","Italy"
"Siphonaptera","","","","","","","",""
"Siphonphophorida","","","","","","","",""
"Sipuncula","","","","","","","",""
"Sipuncula","","Ege University","Faculty of Fisheries","Department of Hydrobiology","Bornova","Izmir","35100","Turkey"
"Solenogastres","","Ege University","Faculty of Fisheries","Department of Hydrobiology","Bornova","Izmir","35100","Turkey"
"Solpugida","","","","","","","",""
"Sphaerotheriida","","","","","","","",""
"Spirobolida","","","","","","","",""
"Spirostreptida","","","","","","","",""
"Stanford Amphibians","","California Academy of Sciences","55 Music Concourse Drive","","San Francisco","CA","94118","USA"
"Stanford Reptiles","","California Academy of Sciences","55 Music Concourse Drive","","San Francisco","CA","94118","USA"
"Stemmiulida","","","","","","","",""
"Strepsiptera","","","","","","","",""
"Symphyla","","","","","","","",""
"Technische Hoogeschool Delft - KA-collection","","Postbus 9517","","","Leiden","Zuid-Holland","2300 RA","Netherlands"
"Technische Hoogeschool Delft, collection with yellow numbers","","Postbus 9715","","","Leiden","Zuid-Holland","2300 RA","Netherlands"
"Technische Hoogeschool Delft, Historical Geology Collection","","Postbus 9517","","","Leiden","Zuid-Holland","2300 RA","Netherlands"
"Technische Hoogeschool Delft, Nederland Collection","","Postbus 9517","","","Leiden","Zuid-Holland","2300 RA","Netherlands"
"Technische Hoogeschool Delft, Palaeontological Collection","","Postbus 9517","","","Leiden","Zuid-Holland","2300 RA","Netherlands"
"The Frozen Zoo","","","","","","","",""
"The University of Alabama Herbarium","","Department of Biological Sciences","Box 870345","","Tuscaloosa","AL","35487","USA"
"Thysanoptera","","","","","","","",""
"Thysanura (Zygentoma)","","","","","","","",""
"Trichoptera","","","","","","","",""
"Trichoptera","","Colorado State University","Department of Bioagricultural Sciences and Pest Management","","Fort Collins","Colorado","80523","USA"
"Trichoptera","","","","","","","",""
"Tunicata","","Ege University","Faculty of Fisheries","Department of Hydrobiology","Bornova","Izmir","35100","Turkey"
"Universiteit van Amsterdam, Mineralogy and Palaeontology collections","","Postbus 9517","","","Leiden","Zuid-Holland","2300 RA","Netherlands"
"University of Alabama Herpetological Collection","","Box 870345 MHB Hall","Hackberry Lane","University of Alabama","Tuscaloosa","AL","35487","USA"
"University of Alabama Ichthyological Collection","","Department of Biological Sciences","Box 870345","University of Alabama","Tuscaloosa","Alabama","35487-0345","USA"
"University of Alaska Museum Herpetology Collection","","","","","","","",""
"University of Alaska Museum Insect Collection","Derek Sikes","907 Yukon Dr","University of Alaska Museum","","Fairbanks","AK","99775-6960","USA"
"University of Alaska Museum Mammal Collection","","","","","","","",""
"University of Guelph Insect Collection","","","","","","","",""
"Urochordata collection (Tunicata)","","Postbus 9517","","","Leiden","Zuid-Holland","2300 RA","Netherlands"
"Uropygi","","","","","","","",""
"Vascular Plant Collection","Jamie Minnaert-Grote","University of Illinois","Illinois Natural History Survey Herbarium","1816 South Oak Street","Champaign","IL","61820","USA"
"Vascular Plant Collection","","","","","","","",""
"Vascular Plant Herbarium","","181 Riia Str.","","","Tartu","Not Applicable","51014","Estonia"
"Vertebrata","","","","","","","",""
"Vertebrate and Invertebrate Zoology Collections","","265 UCB (Zoology, Entomology, Paleo-Geology, Diatoms)","","","Boulder","Colorado","80309","USA"
"Vertebrate Paleontology Collection","Desui Miao","Biodiversity Institute","Dyche Hall","1345 Jayhawk Boulevard","Lawrence","KS","66045","USA"
"Vertebrate Paleontology Research Collection","","Michigan State University Museum","Division of Natural Sciences","West Circle Drive","East Lansing","MI","48824-1045","USA"
"Vertebrate Tissue Bank","","","","","","","",""
"Washington State Department of Agriculture Collection","","1111 Washington St SE","2nd Floor","","Olympia","WA","98504","USA"
"Wasp Collection","","","","","","","",""
"Wildlife Species - Biomaterials","","Gujarat State Biotechnology Mission","9/11 Udyog Bhavan","","Gandhinagar","Gujarat","382011","India"
"Wildlife Species - DNA","","Gujarat State Biotechnology Mission","9/11 Udyog Bhavan","","Gandhinagar","Gujarat","382011","India"
"Wildlife Species - Dried","","Gujarat State Biotechnology Mission","9/11 Udyog Bhavan","","Gandhinagar","Gujarat","382011","India"
"Wildlife Species - Frozen","","Gujarat State Biotechnology Mission","9/11 Udyog Bhavan","","Gandhinagar","Gujarat","382011","India"
"Wildlife Species - Preserved in Liquid","","Gujarat State Biotechnology Mission","9/11 Udyog Bhavan","","Gandhinagar","Gujarat","382011","India"
"World Heritage Trichoptera Collection","","","","","","","",""
"Worms - Utrecht collection","","Postbus 9517","","","Leiden","Zuid-Holland","2300 RA","Netherlands"
"Worms collection","","Postbus 9517","","","Leiden","Zuid-Holland","2300 RA","Netherlands"
"ZooPlantLab laboratory tissue and DNA collection","","Piazza della Scienza, 2","","","Milano","Lombardia","20126","Italy"
"Zoraptera","","","","","","","",""
"Seção de Entomologia da Coleção Zoológica","Fernando Zagury Vaz de Mello","Seção de Entomologia da Coleção Zoológica - DBZ","Instituto de Biociencias - Universidade Federal de Mato Grosso","Av Fernando Correa s/n, Boa Esperança","Cuiaba","Mato Grosso","78060-900","Brazil"
"University of Georgia Collection of Arthropods","Joseph V. McHugh","UGA Collection of Arthropods","Natural History Museum Building","University of Georgia","Athens","Georgia","30602-7882","USA"
"Illinois Natural History Survey Insect Collection","Christopher C. Grinter","Illinois Natural History Survey","1816 S. Oak st.","","Champaign","IL","61820","USA"
"Mammalia, Amphibia and Reptilia","Karl Frafjord, Leader of Natural Sciences","","","","","","","Norway"
"Annelida","Karl Frafjord, Leader of Natural Sciences","","","","","","","Norway"
"Foraminifere and other Protozoa","Karl Frafjord, Leader of Natural Sciences","","","","","","","Norway"
"Radiata","Karl Frafjord, Leader of Natural Sciences","","","","","","","Norway"
"Tunicata","Karl Frafjord, Leader of Natural Sciences","","","","","","","Norway"
"Various mainly terrestrial groups incl. Hymenoptera","Karl Frafjord, Leader of Natural Sciences","","","","","","","Norway"
"Various marine groups incl. Porifera","Karl Frafjord, Leader of Natural Sciences","","","","","","","Norway"
"Illinois Natural History Survey Fish Collection","","Illinois Natural History Survey","1816 S. Oak. St.","","Champaign","Illinois","61820","USA"
"Illinois Natural History Survey Amphibian and Reptile Collection","Christopher Phillips","Illinois Natural History Survey","1816 S. Oak St.","","Champaign","Illinois","61820","USA"
"Illinois Natural History Survey Mollusk Collection","Kevin Cummings","Illinois Natural History Survey","607 E. Peabody Dr.","","Champaign","IL","61820","USA"
"Ichthyology Collection","Dr. Alfred W. Thomson","Same as repository","","","Saint Petersburg","Florida","33701","USA"
"Paleontological collection","Marco Pavia","Dipartimento di Scienze della Terra","Via Valperga Caluso, 35","","Torino","","10125","Italy"
"Center for the Environmental Management of Military Lands","Nancy E. Hastings, Curator","Herbarium, Center for Environmental Management of Military Lands","Colorado State University","1490 Campus Delivery","Fort Collins","Colorado","80523-1490","USA"
"ZFMK DNA Bank (part of ZFMK Biobank)","Jonas Astrin","Zoologisches Forschungsmuseum A. Koenig","Biobank","Adenauerallee 160","Bonn","","D-53113","Germany"
"ZFMK Tissue Bank (part of ZFMK Biobank)","Jonas Astrin","Zoologisches Forschungsmuseum A. Koenig","Biobank","Adenauerallee 160","Bonn","","D-53113","Germany"
"Frank F. Hasbrouck Insect Collection","","","","","","Arizona","","USA"
"Invertebrate Zoology","","Carnegie Museum of Natural History","Section of Invertebrate Zoology","4400 Forbes Avenue","Pittsburgh","PA","15213-4080","USA"
"Insect Collection","Ahmet Ömer Koçak","cesa_tr@yahoo.com.tr","","","Ankara","Ankara","","Turkey"
"Insect Collection of the Department of Biology","Muhabbet Kemal Koçak","mkemalkocak@yyu.edu.tr","muhabbet_kemal@yahoo.com.tr","","","Van","","Turkey"
"Entomology Collection","Zack Falin","Biodiversity Institute","Public Safety Building","1501 Crestline Drive, Suite 140","Lawrence","KS","66045","USA"
"Amphibian Collection","John P. Friel","Cornell Univeristy Museum of Vertebrates","159 Sapsucker Woods Road","","Ithaca","","NY","USA"
"Reptile Collection","John P. Friel","Cornell Univeristy Museum of Vertebrates","159 Sapsucker Woods Road","","Ithaca","NY","14850-1923","USA"
"Bird Collection","Charles Dardia, Collections Manager","Cornell University Museum of Vertebrates","159 Sapsucker Woods Road","","Ithaca","NY","14850-1923","USA"
"Colorado Plateau Museum of Arthropod Biodiversity","Neil Cobb","Colorado Plateau Museum of Arthropod Biodiversity Department of Biological Sciences","PO Box: 5640","","Flagstaff","AZ","86011-5640","USA"
"Herpetology","Bryan Stuart","11 West Jones Street","","","Raleigh","NC","27601","USA"
"Invertebrates","Jamie Smith","11 West Jones Street","","","Raleigh","NC","27601","USA"
"Fishes","Gabriela Hogue","11 West Jones Street","","","Raleigh","NC","27601","USA"
"TARDIGRADES","Carl A. Johansson","","","","Fresno","California","93741","USA"
"Vertebrate Paleontology","Vince P. Schneider","11 West Jones Street","","","Raleigh","NC","27601","USA"
"Invertebrate Paleontology","Patricia G. Weaver","11 West Jones Street","","","Raleigh","NC","27601","USA"
"National Fish Collection","Roger Bills","Private Bag 1015","","","Grahamstown","Eastern Cape","6140","South Africa"
"Amphibian Collection","Roger Bills","Private Bag 1015","","","Grahamstown","Eastern Cape","6140","South Africa"
"Botanical Collections","Loore  Ehrlich","Toompuiestee 26","","","Tallinn","","10149","Estonia"
"Zoological Collections","Lennart Lennuk","Toompuiestee 26","","","Tallinn","","10149","Estonia"
"Geological Collections","Kairi Põldsaar","Estonian Museum of Natural History","29 a Lai Street","","Tallinn","","10149","Estonia"
"Mycological Collections","Loore  Ehrlich","Estonian Museum of Natural History","26 Toompuiestee","","Tallinn","","10149","Estonia"
"Plants, Fungi, Animals","Anita F. Cholewa","1987 Upper Buford Circle","","","St. Paul","Minnesota","55108","USA"
"Entomology","Dr Lara Harrup","The Pirbright Institute","Ash Road","Pirbright","Woking","Surrey","GU240NF","United Kingdom"
"Pacific Center for Molecular Biodiversity","Shelley A. James","Bishop Museum","Pacific Center for Molecular Biodiversity","1525 Bernice St","Honolulu","Hawaii","96744","USA"
"PaleoBotany","Vince P. Schneider","11 West Jones Street","","","Raleigh","NC","27601","USA"
"Mammals","Benjamin M. Hess","11 West Jones Street","","","Raleigh","NC","27601","USA"
"Birds","Brian O’Shea","11 West Jones Street","","","Raleigh","NC","27601","USA"
"Bird","Jean Woods","P.O. Box 3937","","","Wilmington","Delaware","19807-0937","USA"
"Egg","Jean Woods","P.O. Box 3937","","","Wilmington","Delaware","19807-0937","USA"
"Sagehen Basin Vertebrates","Jeff Brown","","","","Truckee","CA","96160","USA"
"Sagehen Basin Insects","Jeff Brown","","","","Truckee","CA","96160","USA"
"CIAT Arthropod Reference Collection","Aymer Andres Vasquez-Ordonez","Km 17, Recta Cali-Palmira","","","Palmira","Valle del Cauca","6713","Colombia"
"Entomology","Peter T Oboyski","1101 Valley Life Science Building","","","Berkeley","California","94720-4780","USA"
"California Insect Survey","Peter T Oboyski","1101 Valley Life Science Building","","","Berkeley","California","94720-4780","USA"
"Invertebrate Collection","Roger Bills","Private Bag 1015","","","Grahamstown","Eastern Cape","6140","South Africa"
"Institute of Primate Research","Hastings Ozwara","Box 24481","","","Karen, Nairobi","Nairobi","00502","Kenya"
"Mammalogy","Bernard Agwanda","Box 40658","","","Nairobi","Nairobi","00100","Kenya"
"Ornithology","Peter Njoroge","Box 40658","","","Nairobi","Nairobi","00100","Kenya"
"Osteology","Ogeto Mwebi","Box 40658","","","Nairobi","Nairobi","00100","Kenya"
"Herpetology","Patrick Malonza","Box 40658","","","Nairobi","Nairobi","00100","Kenya"
"Ichthyology","Dorothy Nyingi","Box 40658","","","Nairobi","Nairobi","00100","Kenya"
"Invertebrate","Laban Njoroge","Box 40658","","","Nairobi","Nairobi","00100","Kenya"
"Colección de Insectos","PATRICIA EDITH ESTRADA MANCILLA","","","","","","","Chile"
"Fungal Collection, Plant Pathology Laboratory, UMSNH.","Gerardo Rodriguez-Alvarado","Apdo. Postal # 43","Admon. Chapultepec","","Morelia","Michoacan","58262","Mexico"
"National Collection of Insects","Rosalind Urban","","","","","","","South Africa"
"Shortridge Mammal Collection","Buyiswa Mahala","Cnr Albert and Alexandra Road","","","King William's Town","Eastern Cape","","South Africa"
"Fish Observation Collection","Roger Bills","","","","","","","South Africa"
"Tissue Collection","Roger Bills","","","","","","","South Africa"
"East African Herbarium","Itambo Malombe","Museum hill rd Box 40658-00100","Kipande/Ngara road junction","","Nairobi","Nairobi","00100","Kenya"
"Mammal Collection","Onica Mukhuwana","","","","","","","South Africa"
"Fish Collection","David C. Werneke","101 Rouse Life Sciences","Biological Sciences","","Auburn University","AL","36849","USA"
"Ichthyology","Richard L. Pyle","Ichthyology","Bishop Museum","1525 Bernice Street","Honolulu","Hawaii","96817","USA"
"Michigan State University herbarium Lichen Collection","Alan M. Fryday","","","","","","","USA"
"Michigan State University Beal-Darlington Herbarium","Alan M. Fryday","","","","","","","USA"
"Insect reference Collection","Charles R Bartlett","University of Delaware","Department of Entomology and Wildlife Ecology","531 S College Ave., 250 Townsend Hall","Newark","Delaware","19716","USA"
"Invertebrate Paleontology","Alycia Stigall","Department of Geological Sciences","316 Clippinger Laboratories","","Athens","Ohio","45701","USA"
"Culture Collection of Fungi","Alena Kubátová","Department of Botany, Faculty of Science, Charles University in Prague, Benátská 2","","","Prague 2","","CZ - 128 01","Czech Republic"
"NIWA Invertebrate Collection","Kareen Schnabel, Collection Manager","NIWA Invertebrate Collection","Coasts and Oceans","Private Bag 14901, Kilbirnier","Wellington","","6241","New Zealand"
"Invertebrados","Alvar Carranza","","","","","","","Uruguay"
"Barcode of Wildlife Project","Kim Labuschagne","NZG Biobank","P O Box 754","Pretoria","Pretoria","Gauteng","Yes","South Africa"
"Sharks Genetic Samples","Sabine Wintner","KwaZulu-Natal Sharks Board","1a Herrwood Drive","Umhlanga Rocks","Durban","Kwazulu-Natal Sharks Board","4320","South Africa"
"Vertebrae of Sharks","Sabine Wintner","KwaZulu-Natal Sharks Board","1am Herrwood Drive","Umhlanga Rocks","Durban","KwaZulu Natal","4320","South Africa"
"Shark Jaws","Kolobe Lucas Mmonwa","KwaZulu-Natal Sharks Board","1a Herrwood Drive","Umhlanga Rocks","Durban","KwaZulu-Natal","4320","South Africa"
"Rays and Turtles","Sabine Wintner","KwaZulu-Natal Sharks Board","1a Herrwood Drive","Umhlanga Rocks","Durban","KwaZulu-Natal","4320","South Africa"
"University of Alaska Museum Earth Science Collection","Julie Rousseau","907 Yukon Drive","","","Fairbanks","AK","99775","USA"
"saffron germplasm of Iran","Majid Shokrpour","","","","","","","Iran"
"Bird collection","Lars Erik Johannessen","DNA Bank","P.O. Box 1172 Blindern","Natural History Museum, Att.: Lars Erik Johannessen,","Oslo","","NO-0318","Norway"
"Lichen herbarium","Einar Timdal","Lichen herbarium","PO Box 1172 Blindern","","Oslo","","NO-0318","Norway"
"Lichen herbarium","Tor Tønsberg","Lichen herbarium","Allégt. 41","PO Box 7800","Bergen","","5020","Norway"
"Mammals","Enrique Gonzalez","25 de Mayo 582","Casilla de Correo 399","","Montevideo","Montevideo","","Uruguay"
"Palentology","Andrés Rinderknecht","25de Mayo 582","","","Montevideo","","","Uruguay"
"TMM Collections at the Vertebrate Paleontology Laboratory","J. Chris Sagebiel","Vertebrate Paleontology Laboratory (VPL)","J.J. Pickle Research Campus","10100 Burnet Road, Building 6","Austin","Texas","78758","USA"
"Fungal endophytes Collection of the Research Group of Agronomy","Oscar Santamaria","Escuela de Ingenierias Agrarias. Avda Adolfo Suárez s/n","","","Badajoz","Badajoz","06007","Spain"
"Ornithology","Washington Jones","","","","","","","Uruguay"
"UPRRP Zoological Museum","James Ackerman","Department of Biology","University of Puerto Rico","PO Box 23360","San Juan","Puerto Rico","00931-3360","USA"
"Kathryn Kalmbach Herbarium","Richard Allman Levy","Denver Botanic Gardens","Kathryn Kalmbach Herbarium","1005 York Street","Denver","Colorado","80206","USA"
"Sam Mitchel Herbarium of Fungi","Richard Allman Levy","Denver Botanic Gardens","Sam Mitchel Herbarium of Fungi","1005 York Street","Denver","Colorado","80206","USA"
"Denver Botanic Gardens Collection of Arthropods","Richard Allman Levy","Denver Botanic Gardens","Kathryn Kalmbach Herbarium","1005 York Street","Denver","Colorado","80206","USA"
"Federal Moon Rocks","Leigh Aatest","123 Reeves Street","","","Truro","Virginia","10120","USA"
"Amphibian and Reptile Collection","Cindy Paszkowski","","","","","","","Canada"
"Ichthyology Collection","Alison Murray","","","","","","","Canada"
"Division of Genomic Resources, Museum of Southwestern Biology","Mariel L. Campbell","Division of Genomic Resources","Museum of Southwestern Biology","1 University of New Mexico, MSC-03 2020","Albuquerque","NM","87131","USA"
"Host Collecton","Mariel L. Campbell","University of New Mexico","Museum of Southwestern Biology","1 University of New Mexico, MSC-03 2020","Albuquerque","NM","87131","USA"
"Vertebrate Paleontology","Darrin C. Pagnac","Museum of Geology","South Dakota School of Mines and Technology","501 E. St. Joseph","Rapid City","SD","57701","USA"
"Invertebrate Paleontology","Laurie C. Anderson","Museum of Geology","South Dakota School of Mines and Technology","501 E. St. Joseph","Rapid City","SD","57701","USA"
"Paleobotany","Sally Shelton","Museum of Geology","South Dakota School of Mines and Technology","501 E. St. Joseph","Rapid City","SD","57701","USA"
"Ichthyology","Karsten E. Hartel","Harvard University","Museum of Comparative Zoology","26 Oxford Street","Cambridge","MA","02138","USA"
"Vascular plants of inner anatolia","Cem Vural","","","","","","","Turkey"
"Invertebrate Paleontology","Dr. Brenda Hunda","","","","Cincinnati","Ohio","45203","USA"
"Vertebrate Paleontology","Dr. Glenn Storrs","","","","Cincinnati","Ohio","45203","USA"
"Insects, Plants, Shells","Dr. Ann E. Kitalong","PO Box 666","","","Koror","","96940","Palau"
"Mammals","Jean Woods","P.O. Box 3937","","","Wilmington","Delaware","19807","USA"
"Hanson Research Station","Arthur Chadwick","HRS Fossil Repository","Southwestern Adventist University","100 Hillcrest Dr.","Keene","Texas","76059","USA"
"Fish Collection","Kamal Khidas","PO Box 3443 Stn “D”","","","Ottawa","Ontario","K1P 6P4","Canada"
"Mammal Collection","Kamal Khidas","PO Box 3443 Stn “D”","","","Ottawa","Ontario","K1P 6P4","Canada"
"Bird Collection","Kamal Khidas","PO Box 3443 Stn “D”","","","Ottawa","Ontario","K1P 6P4","Canada"
"Annelid Collection","Jean-Marc Gagnon","PO Box 3443 Stn “D”","","","Ottawa","Ontario","K1P 6P4","Canada"
"Crustacea Collection","Jean-Marc Gagnon","PO Box 3443 Stn “D","","","Ottawa","Ontario","K1P 6P4","Canada"
"Mollusc Collection","Jean-Marc Gagnon","PO Box 3443 Stn “D”","","","Ottawa","Ontario","K1P 6P4","Canada"
"Parasite Collection","Jean-Marc Gagnon","PO Box 3443 Stn “D”","","","Ottawa","Ontario","K1P 6P4","Canada"
"General Invertebrate Collection","Jean-Marc Gagnon","PO Box 3443 Stn “D”","","","Ottawa","Ontario","K1P 6P4","Canada"
"Insect Collection","Jean-Marc Gagnon","PO Box 3443 Stn “D”","","","Ottawa","Ontario","K1P 6P4","Canada"
"National Herbarium of Canada, Vascular Plant Section","Jennifer Doubt","Vascular Plant Section","P.O. Box 3443, Station D","","Ottawa","Ontario","","Canada"
"National Herbarium of Canada, Phycology Section","Jennifer Doubt","Phycology Section","P.O. Box 3443, Station D","","Ottawa","Ontario","K1P 6P4","Canada"
"National Herbarium of Canada, Bryology Section","Jennifer Doubt","Bryology Section","P.O. Box 3443, Station D","","Ottawa","Ontario","","Canada"
"National Herbarium of Canada, Lichenology Section","Jennifer Doubt","Lichenology Section","P.O. Box 3443, Station D","","Ottawa","Ontario","","Canada"
"Amphibian and Reptile Collection","Kamal Khidas","P.O. Box 3443, Station D","","","Ottawa","Ontario","K1P 6P4","Canada"
"CA","Dawn Roberts","2430 North Cannon Drive","","","Chicago","IL","60614","USA"
"CASM","Dawn Roberts","2430 North Cannon Drive","","","Chicago","IL","60614","USA"
"CACS","Dawn Roberts","2430 North Cannon Drive","","","Chicago","IL","60614","USA"
"Paleontology","Dr. Dana J. Ehret","Alabama Museum of Natural History","University of Alabama","Box 870340","Tuscaloosa","AL","35487","USA"
"Angelo Coast Range Reserve Invertebrates","UCNRS Information Manager","Peter A. Steel","Angelo Coast Range Reserve","42101 Wilderness Road","Branscomb","CA","95417","USA"
"Angelo Coast Range Reserve Mammal Collection","UCNRS Information Manager","Peter A. Steel","Angelo Coast Range Reserve","42101 Wilderness Road","Branscomb","California","95417","USA"
"Angelo Coast Range Reserve Plant Collection","UCNRS Information Manager","Peter A. Steel","Angelo Coast Range Reserve","42101 Wilderness Road","Branscomb","California","95417","USA"
"Angelo Coast Range Reserve Bird Collection","UCNRS Information Manager","Peter A. Steel","Angelo Coast Range Reserve","42101 Wilderness Road","Branscomb","CA","95417","USA"
"Angelo Coast Range Reserve Herpetology Collection","UCNRS Information Manager","Peter A. Steel","Angelo Coast Range Reserve","42101 Wilderness Road","Branscomb","CA","95417","USA"
"Hymenoptera","Stefan Schmidt","Muenchhausenstr. 21","","","Munich","Bayern","81247","Germany"
"James San Jacinto Mountains Reserve Invertebrate Collection","UCNRS Information Manager","P.O. Box 1775","","","Idyllwild","California","92549","USA"
"James San Jacinto Mountains Reserve Mammal Collection","UCNRS Information Manager","PO Box 1775","","","Idyllwild","CA","92549","USA"
"James San Jacinto Mountains Reserve Plant Collection","UCNRS Information Manager","PO Box 1775","","","Idyllwild","CA","92549","USA"
"James San Jacinto Mountains Reserve Bird Collection","UCNRS Information Manager","PO Box 1775","","","Idyllwild","CA","92549","USA"
"James San Jacinto Mountains Reserve Herpetology Collection","UCNRS Information Manager","PO BOC !775","","","Idyllwild","CA","92549","USA"
"Invertebrate Zoology","Adam Baldinger","Harvard University","Museum of Comparative Zoology","26 Oxford Street","Cambridge","MA","02138","USA"
"Mammalogy","Judy Chupasko","Harvard University","Museum of Comparative Zoology","26 Oxford Street","Cambridge","MA","02138","USA"
"Invertebrate Paleontology","Jessica Cundiff","Harvard University","Museum of Comparative Zoology","26 Oxford Street","Cambrdige","MA","02138","USA"
"Malacology","Adam Baldinger","Harvard University","Museum of Comparative Zoology","26 Oxford Street","Cambridge","MA","02138","USA"
"Ornithology","Jeremiah Trimble","Harvard University","Museum of Comparative Zoology","26 Oxford Street","Cambridge","MA","02138","USA"
"Vertebrate Paleontology","Jessica Cundiff","Harvard University","Museum of Comparative Zoology","26 Oxford Street","Cambridge","MA","02138","USA"
"Arachnida","Vinayak Krishna Patil","","","","Dapoli","","415712","India"
"Cryogenics","Breda Zimkus","Museum of Comparative Zoology","Cryogenics Collection","26 Oxford Street","Cambridge","MA","02138","USA"
"UJ DNA Bank","Michelle van der bank","","","","Johannesburg","Gauteng","2006","South Africa"
"William R. Adams Zooarchaeology Laboratory","Laura Scheiber","Student Building Room 025","Indiana University","405 E. Kirkwood Ave","Bloomington","IN","47405","USA"
"Bird Egg and Nest Specimens","Carla Cicero, PH.D","Museum of Vertebrate Zoology","3101 Valley Life Sciences Building","University of California","Berkeley","CA","94720-3160","USA"
"Hildebrand Specimens","Carol Spencer","Museum of Vertebrate Zoology","3101 Valley Life Sciences Building","University of California","Berkeley","CA","94720-3160","USA"
"Herbarium","Rafaela C. Forzza","Rua Pacheco Leão 915 - Jardim Botânico","","","Rio de Janeiro","RJ","22460-030","Brazil"
"Xiloteca - Wood collection","Rafaela C. Forzza","Rua Pacheco Leão 915 - Jardim Botânico","","","Rio de Janeiro","RJ","22460-030","Brazil"
"Carpoteca - Dry Fruits","Rafaela C. Forzza","Rua Pacheco Leão 915 - Jardim Botânico","","","Rio de Janeiro","RJ","22460-030","Brazil"
"Banco de Sementes - Seed Bank","Rafaela C. Forzza","Rua Pacheco Leão 915 - Jardim Botânico","","","Rio de Janeiro","RJ","22460-030","Brazil"
"DNA","Rafaela C. Forzza","Rua Pacheco Leão 915 - Jardim Botânico","","","Rio de Janeiro","RJ","22460-030","Brazil"
"Spirit - Fluid-preserved","Rafaela C. Forzza","Rua Pacheco Leão 915 - Jardim Botânico","","","Rio de Janeiro","RJ","22460-030","Brazil"
"IU Paleontology Collection","Gary Motz","Department of Geological Sciences","Indiana University","1001 E. 10th St.","Bloomington","IN","47405-1405","USA"
"Audio Collection","Matthew D Medler","159 Sapsucker Woods Rd.","","","Ithaca","New York","14850","USA"
"Video Collection","Matthew D Medler","159 Sapsucker Woods Rd.","","","Ithaca","New York","14850","USA"
"Colección de Referencia del Bentos Costero","Norma Emilia Gonzalez Vallejo","Depto. Sistemática y Ecología Acuática","El Colegio de la Frontera Sur","Avenida Centenario km 5.5","Chetumal","Quintana Roo","77016","Mexico"
"Herpetology","Werner Conradie","","","","Port Elizabeth","","","South Africa"
"Zoological Museum","Villu Soon","46 Vanemuise Str.","","","Tartu","","51014","Estonia"
"Collection of Environmental samples","Urmas Koljalg","46 Vanemuise Str.","","","Tartu","","51014","Estonia"
"Mollusk","Elizabeth K. Shea","4840 Kennett Pike","P.O. Box 3937","","Wilmington","DE","19807-0937","USA"
"Entomology","Luca Bartolozzi","Zoology Department","La Specola","via Romana 17","Firenze","FI","50125","Italy"
"Condon Fossil Collection","Edward Davis","1680 E. 15th Ave.","","","Eugene","OR","97403","USA"
"VP","Steve Furches","6965 Cumberland Gap Pkwy","","","Harrogate","Tennessee","37752","USA"
"Coleção Ictiológica do Museu Nacional","Paulo Andreas Buckup","Setor de Ictiologia, Dept. de Vertebrados","Museu Nacional","Quinta da Boa Vista","Rio de Janeiro","RJ","20940-040","Brazil"
"Bird Specimens","Rob York","4501 Blodgett Forest Road","","","Georgetown","CA","95634","USA"
"Mammal Specimens","Rob York","4501 Blodgett Forest Road","","","Georgetown","CA","95634","USA"
